Campaign name,Ad set name,Ad name,Gender,Ads,Age,Day,Result type,Results,Cost per result,Amount spent (USD),Checkouts initiated,Cost per checkout initiated,Cost per purchase,Purchases conversion value,Purchase ROAS (return on ad spend),Reporting starts,Reporting ends,Results (initial)
August Camp,New Engagement Ad Set,New Engagement Ad,female,New Engagement Ad,55-64,2026-08-10,Messaging conversations started,1.0,0.7,0.7,,,,,,2026-08-10,2026-08-10,
August Camp,New Engagement Ad Set,New Engagement Ad,male,New Engagement Ad,35-44,2026-08-10,Messaging conversations started,1.0,2.06,2.06,,,,,,2026-08-10,2026-08-10,
Deluxe Ad,New Engagement Ad Set,Deluxe,male,Deluxe,25-34,2026-08-07,Messaging conversations started,1.0,1.17,1.17,,,,,,2026-08-07,2026-08-07,
Deluxe Ad,New Engagement Ad Set,Deluxe,female,Deluxe,45-54,2026-08-07,Messaging conversations started,1.0,1.68,1.68,,,,,,2026-08-07,2026-08-07,
Deluxe Ad,New Engagement Ad Set,Deluxe,female,Deluxe,65+,2026-08-07,Messaging conversations started,1.0,4.08,4.08,,,,,,2026-08-07,2026-08-07,
Deluxe Ad,New Engagement Ad Set,Deluxe,male,Deluxe,35-44,2026-08-07,Messaging conversations started,1.0,3.48,3.48,,,,,,2026-08-07,2026-08-07,
Deluxe Ad,New Engagement Ad Set,Deluxe,male,Deluxe,65+,2026-08-07,Messaging conversations started,2.0,1.655,3.31,,,,,,2026-08-07,2026-08-07,
Deluxe Ad,New Engagement Ad Set,Deluxe,male,Deluxe,45-54,2026-08-07,Messaging conversations started,1.0,2.4,2.4,,,,,,2026-08-07,2026-08-07,
Deluxe Ad,New Engagement Ad Set,Deluxe,male,Deluxe,55-64,2026-08-07,Messaging conversations started,1.0,1.63,1.63,,,,,,2026-08-07,2026-08-07,
August Camp,New Engagement Ad Set,New Engagement Ad,female,New Engagement Ad,65+,2026-08-07,Messaging conversations started,1.0,0.0,0.0,,,,,,2026-08-07,2026-08-07,
August Camp,New Engagement Ad Set,New Engagement Ad,male,New Engagement Ad,55-64,2026-08-06,Messaging conversations started,1.0,2.32,2.32,,,,,,2026-08-06,2026-08-06,
August Camp,New Engagement Ad Set,New Engagement Ad,male,New Engagement Ad,65+,2026-08-06,Messaging conversations started,1.0,4.51,4.51,,,,,,2026-08-06,2026-08-06,
August Camp,New Engagement Ad Set,New Engagement Ad,female,New Engagement Ad,65+,2026-08-06,Messaging conversations started,5.0,0.504,2.52,,,,,,2026-08-06,2026-08-06,
August Camp,New Engagement Ad Set,New Engagement Ad,male,New Engagement Ad,25-34,2026-08-06,Messaging conversations started,2.0,1.46,2.92,,,,,,2026-08-06,2026-08-06,
August Camp,New Engagement Ad Set,New Engagement Ad,male,New Engagement Ad,35-44,2026-08-05,Messaging conversations started,1.0,2.57,2.57,,,,,,2026-08-05,2026-08-05,
August Camp,New Engagement Ad Set,New Engagement Ad,male,New Engagement Ad,65+,2026-08-05,Messaging conversations started,2.0,1.905,3.81,,,,,,2026-08-05,2026-08-05,
August Camp,New Engagement Ad Set,New Engagement Ad,female,New Engagement Ad,65+,2026-08-05,Messaging conversations started,1.0,3.41,3.41,,,,,,2026-08-05,2026-08-05,
August Camp,New Engagement Ad Set,New Engagement Ad,male,New Engagement Ad,65+,2026-08-04,Messaging conversations started,1.0,3.57,3.57,,,,,,2026-08-04,2026-08-04,
August Camp,New Engagement Ad Set,New Engagement Ad,female,New Engagement Ad,25-34,2026-08-04,Messaging conversations started,1.0,1.1,1.1,,,,,,2026-08-04,2026-08-04,
August Camp,New Engagement Ad Set,New Engagement Ad,male,New Engagement Ad,45-54,2026-08-04,Messaging conversations started,1.0,1.91,1.91,,,,,,2026-08-04,2026-08-04,
August Camp,New Engagement Ad Set,New Engagement Ad,female,New Engagement Ad,65+,2026-08-04,Messaging conversations started,2.0,1.115,2.23,,,,,,2026-08-04,2026-08-04,
August Camp,New Engagement Ad Set,New Engagement Ad,male,New Engagement Ad,55-64,2026-08-04,Messaging conversations started,2.0,0.915,1.83,,,,,,2026-08-04,2026-08-04,
August Camp,New Engagement Ad Set,New Engagement Ad,female,New Engagement Ad,55-64,2026-08-04,Messaging conversations started,2.0,0.98,1.96,,,,,,2026-08-04,2026-08-04,
August Camp,New Engagement Ad Set,New Engagement Ad,male,New Engagement Ad,35-44,2026-08-03,Messaging conversations started,1.0,4.46,4.46,,,,,,2026-08-03,2026-08-03,
August Camp,New Engagement Ad Set,New Engagement Ad,female,New Engagement Ad,45-54,2026-08-03,Messaging conversations started,2.0,0.59,1.18,,,,,,2026-08-03,2026-08-03,
August Camp,New Engagement Ad Set,New Engagement Ad,male,New Engagement Ad,65+,2026-08-03,Messaging conversations started,3.0,1.2,3.6,,,,,,2026-08-03,2026-08-03,
August Camp,New Engagement Ad Set,New Engagement Ad,male,New Engagement Ad,65+,2026-08-02,Messaging conversations started,1.0,1.53,1.53,,,,,,2026-08-02,2026-08-02,
August Camp,New Engagement Ad Set,New Engagement Ad,female,New Engagement Ad,55-64,2026-08-02,Messaging conversations started,1.0,0.74,0.74,,,,,,2026-08-02,2026-08-02,
August Camp,New Engagement Ad Set,New Engagement Ad,male,New Engagement Ad,55-64,2026-08-02,Messaging conversations started,1.0,1.77,1.77,,,,,,2026-08-02,2026-08-02,
August Camp,New Engagement Ad Set,New Engagement Ad,male,New Engagement Ad,35-44,2026-08-02,Messaging conversations started,1.0,1.78,1.78,,,,,,2026-08-02,2026-08-02,
"Post: ""Real results, real feedback. 🚗🔥""","Post: ""Real results, real feedback. 🚗🔥""","Post: ""Real results, real feedback. 🚗🔥""",male,"Post: ""Real results, real feedback. 🚗🔥""",65+,2026-08-01,Messaging conversations started,2.0,0.465,0.93,,,,,,2026-08-01,2026-08-01,
"Post: ""Real results, real feedback. 🚗🔥""","Post: ""Real results, real feedback. 🚗🔥""","Post: ""Real results, real feedback. 🚗🔥""",male,"Post: ""Real results, real feedback. 🚗🔥""",35-44,2026-08-01,Messaging conversations started,1.0,2.55,2.55,,,,,,2026-08-01,2026-08-01,
New Engagement Campaign,New Engagement Ad Set,New Engagement Ad,female,New Engagement Ad,35-44,2026-07-31,Messaging conversations started,1.0,1.48,1.48,,,,,,2026-07-31,2026-07-31,
"Post: ""Real results, real feedback. 🚗🔥""","Post: ""Real results, real feedback. 🚗🔥""","Post: ""Real results, real feedback. 🚗🔥""",female,"Post: ""Real results, real feedback. 🚗🔥""",55-64,2026-07-31,Messaging conversations started,1.0,0.52,0.52,,,,,,2026-07-31,2026-07-31,
New Engagement Campaign,New Engagement Ad Set,New Engagement Ad,female,New Engagement Ad,65+,2026-07-30,Messaging conversations started,1.0,1.38697662,1.38697662,,,,,,2026-07-30,2026-07-30,
New Engagement Campaign,New Engagement Ad Set,New Engagement Ad,male,New Engagement Ad,35-44,2026-07-30,Messaging conversations started,2.0,1.69131321,3.38262643,,,,,,2026-07-30,2026-07-30,
New Engagement Campaign,New Engagement Ad Set,New Engagement Ad,male,New Engagement Ad,45-54,2026-07-30,Messaging conversations started,1.0,2.37482327,2.37482327,,,,,,2026-07-30,2026-07-30,
New Engagement Campaign,New Engagement Ad Set,New Engagement Ad,male,New Engagement Ad,55-64,2026-07-29,Messaging conversations started,1.0,1.47,1.47,,,,,,2026-07-29,2026-07-29,
New Engagement Campaign,New Engagement Ad Set,New Engagement Ad,female,New Engagement Ad,45-54,2026-07-29,Messaging conversations started,1.0,2.44,2.44,,,,,,2026-07-29,2026-07-29,
New Engagement Campaign,New Engagement Ad Set,New Engagement Ad,female,New Engagement Ad,35-44,2026-07-29,Messaging conversations started,2.0,2.425,4.85,,,,,,2026-07-29,2026-07-29,
New Engagement Campaign,New Engagement Ad Set,New Engagement Ad,male,New Engagement Ad,45-54,2026-07-29,Messaging conversations started,1.0,2.15,2.15,,,,,,2026-07-29,2026-07-29,
New Engagement Campaign,New Engagement Ad Set,New Engagement Ad,male,New Engagement Ad,35-44,2026-07-29,Messaging conversations started,4.0,1.2375,4.95,,,,,,2026-07-29,2026-07-29,
New Engagement Campaign,New Engagement Ad Set,New Engagement Ad,female,New Engagement Ad,65+,2026-07-29,Messaging conversations started,1.0,1.88,1.88,,,,,,2026-07-29,2026-07-29,
New Engagement Campaign,New Engagement Ad Set,New Engagement Ad,female,New Engagement Ad,55-64,2026-07-29,Messaging conversations started,2.0,1.095,2.19,,,,,,2026-07-29,2026-07-29,
New Engagement Campaign,New Engagement Ad Set,New Engagement Ad,male,New Engagement Ad,55-64,2026-07-28,Messaging conversations started,1.0,1.55,1.55,,,,,,2026-07-28,2026-07-28,
New Engagement Campaign,New Engagement Ad Set,New Engagement Ad,female,New Engagement Ad,45-54,2026-07-28,Messaging conversations started,2.0,1.945,3.89,,,,,,2026-07-28,2026-07-28,
New Engagement Campaign,New Engagement Ad Set,New Engagement Ad,female,New Engagement Ad,35-44,2026-07-28,Messaging conversations started,2.0,3.095,6.19,,,,,,2026-07-28,2026-07-28,
New Engagement Campaign,New Engagement Ad Set,New Engagement Ad,female,New Engagement Ad,65+,2026-07-28,Messaging conversations started,1.0,2.04,2.04,,,,,,2026-07-28,2026-07-28,
New Engagement Campaign,New Engagement Ad Set,New Engagement Ad,male,New Engagement Ad,65+,2026-07-28,Messaging conversations started,1.0,0.63,0.63,,,,,,2026-07-28,2026-07-28,
New Engagement Campaign,New Engagement Ad Set,New Engagement Ad,male,New Engagement Ad,35-44,2026-07-28,Messaging conversations started,3.0,1.7,5.1,,,,,,2026-07-28,2026-07-28,
New Engagement Campaign,New Engagement Ad Set,New Engagement Ad,female,New Engagement Ad,65+,2026-07-27,Messaging conversations started,1.0,1.41,1.41,,,,,,2026-07-27,2026-07-27,
New Engagement Campaign,New Engagement Ad Set,New Engagement Ad,male,New Engagement Ad,35-44,2026-07-27,Messaging conversations started,2.0,2.125,4.25,,,,,,2026-07-27,2026-07-27,
New Engagement Campaign,New Engagement Ad Set,New Engagement Ad,female,New Engagement Ad,35-44,2026-07-27,Messaging conversations started,1.0,4.83,4.83,,,,,,2026-07-27,2026-07-27,
New Engagement Campaign,New Engagement Ad Set,New Engagement Ad,female,New Engagement Ad,35-44,2026-07-26,Messaging conversations started,1.0,1.03,1.03,,,,,,2026-07-26,2026-07-26,
New Engagement Campaign,New Engagement Ad Set,New Engagement Ad,male,New Engagement Ad,35-44,2026-07-25,Messaging conversations started,1.0,4.67,4.67,,,,,,2026-07-25,2026-07-25,
New Engagement Campaign,New Engagement Ad Set,New Engagement Ad,male,New Engagement Ad,65+,2026-07-25,Messaging conversations started,1.0,0.68,0.68,,,,,,2026-07-25,2026-07-25,
New Engagement Campaign,New Engagement Ad Set,New Engagement Ad,female,New Engagement Ad,45-54,2026-07-25,Messaging conversations started,1.0,3.11,3.11,,,,,,2026-07-25,2026-07-25,
New Engagement Campaign,New Engagement Ad Set,New Engagement Ad,female,New Engagement Ad,35-44,2026-07-25,Messaging conversations started,1.0,3.55,3.55,,,,,,2026-07-25,2026-07-25,
New Engagement Campaign,New Engagement Ad Set,New Engagement Ad,male,New Engagement Ad,45-54,2026-07-25,Messaging conversations started,2.0,1.37,2.74,,,,,,2026-07-25,2026-07-25,
New Engagement Campaign,New Engagement Ad Set,New Engagement Ad,female,New Engagement Ad,55-64,2026-07-25,Messaging conversations started,1.0,1.27,1.27,,,,,,2026-07-25,2026-07-25,
"Post: ""Full step-by-step breakdown of this Tesla Model Y...""","Post: ""Full step-by-step breakdown of this Tesla Model Y...""","Post: ""Full step-by-step breakdown of this Tesla Model Y...""",female,"Post: ""Full step-by-step breakdown of this Tesla Model Y...""",35-44,2026-07-25,Messaging conversations started,1.0,0.0,0.0,,,,,,2026-07-25,2026-07-25,
New Engagement Campaign,New Engagement Ad Set,New Engagement Ad,female,New Engagement Ad,65+,2026-07-24,Messaging conversations started,1.0,0.46,0.46,,,,,,2026-07-24,2026-07-24,
New Engagement Campaign,New Engagement Ad Set,New Engagement Ad,male,New Engagement Ad,65+,2026-07-24,Messaging conversations started,1.0,0.54,0.54,,,,,,2026-07-24,2026-07-24,
"Post: ""Full step-by-step breakdown of this Tesla Model Y...""","Post: ""Full step-by-step breakdown of this Tesla Model Y...""","Post: ""Full step-by-step breakdown of this Tesla Model Y...""",female,"Post: ""Full step-by-step breakdown of this Tesla Model Y...""",45-54,2026-07-24,Messaging conversations started,1.0,1.29,1.29,,,,,,2026-07-24,2026-07-24,
New Engagement Campaign,New Engagement Ad Set,New Engagement Ad,male,New Engagement Ad,35-44,2026-07-24,Messaging conversations started,1.0,3.97,3.97,,,,,,2026-07-24,2026-07-24,
New Engagement Campaign,New Engagement Ad Set,New Engagement Ad,female,New Engagement Ad,45-54,2026-07-24,Messaging conversations started,2.0,0.895,1.79,,,,,,2026-07-24,2026-07-24,
"Post: ""Full step-by-step breakdown of this Tesla Model Y...""","Post: ""Full step-by-step breakdown of this Tesla Model Y...""","Post: ""Full step-by-step breakdown of this Tesla Model Y...""",male,"Post: ""Full step-by-step breakdown of this Tesla Model Y...""",35-44,2026-07-23,Messaging conversations started,2.0,2.73325538,5.46651077,,,,,,2026-07-23,2026-07-23,
"Post: ""Full step-by-step breakdown of this Tesla Model Y...""","Post: ""Full step-by-step breakdown of this Tesla Model Y...""","Post: ""Full step-by-step breakdown of this Tesla Model Y...""",male,"Post: ""Full step-by-step breakdown of this Tesla Model Y...""",45-54,2026-07-23,Messaging conversations started,1.0,2.92278769,2.92278769,,,,,,2026-07-23,2026-07-23,
New Engagement Campaign,New Engagement Ad Set,New Engagement Ad,male,New Engagement Ad,55-64,2026-07-23,Messaging conversations started,1.0,0.85,0.85,,,,,,2026-07-23,2026-07-23,
New Engagement Campaign,New Engagement Ad Set,New Engagement Ad,female,New Engagement Ad,45-54,2026-07-22,Messaging conversations started,1.0,1.57,1.57,,,,,,2026-07-22,2026-07-22,
New Engagement Campaign,New Engagement Ad Set,New Engagement Ad,male,New Engagement Ad,45-54,2026-07-22,Messaging conversations started,1.0,3.58,3.58,,,,,,2026-07-22,2026-07-22,
New Engagement Campaign,New Engagement Ad Set,New Engagement Ad,female,New Engagement Ad,35-44,2026-07-22,Messaging conversations started,1.0,2.24,2.24,,,,,,2026-07-22,2026-07-22,
New Engagement Campaign,New Engagement Ad Set,New Engagement Ad,male,New Engagement Ad,35-44,2026-07-22,Messaging conversations started,1.0,4.71,4.71,,,,,,2026-07-22,2026-07-22,
New Engagement Campaign,New Engagement Ad Set,New Engagement Ad,female,New Engagement Ad,55-64,2026-07-22,Messaging conversations started,1.0,0.85,0.85,,,,,,2026-07-22,2026-07-22,
New Engagement Campaign,New Engagement Ad Set,New Engagement Ad,female,New Engagement Ad,65+,2026-07-22,Messaging conversations started,1.0,0.67,0.67,,,,,,2026-07-22,2026-07-22,
Instagram post: Think that pet hair is impossible...,Instagram post: Think that pet hair is impossible...,Instagram post: Think that pet hair is impossible...,female,Instagram post: Think that pet hair is impossible...,45-54,2026-07-21,Messaging conversations started,1.0,0.99,0.99,,,,,,2026-07-21,2026-07-21,
New Engagement Campaign,New Engagement Ad Set,New Engagement Ad,male,New Engagement Ad,45-54,2026-07-21,Messaging conversations started,1.0,3.46,3.46,,,,,,2026-07-21,2026-07-21,
New Engagement Campaign,New Engagement Ad Set,New Engagement Ad,male,New Engagement Ad,35-44,2026-07-21,Messaging conversations started,1.0,4.97,4.97,,,,,,2026-07-21,2026-07-21,
"Post: ""Denise’s reaction says it all. We spent the day...""","Post: ""Denise’s reaction says it all. We spent the day...""","Post: ""Denise’s reaction says it all. We spent the day...""",male,"Post: ""Denise’s reaction says it all. We spent the day...""",45-54,2026-07-20,Messaging conversations started,1.0,1.41,1.41,,,,,,2026-07-20,2026-07-20,
"Post: ""Denise’s reaction says it all. We spent the day...""","Post: ""Denise’s reaction says it all. We spent the day...""","Post: ""Denise’s reaction says it all. We spent the day...""",female,"Post: ""Denise’s reaction says it all. We spent the day...""",45-54,2026-07-20,Messaging conversations started,1.0,1.61,1.61,,,,,,2026-07-20,2026-07-20,
"Post: ""Denise’s reaction says it all. We spent the day...""","Post: ""Denise’s reaction says it all. We spent the day...""","Post: ""Denise’s reaction says it all. We spent the day...""",female,"Post: ""Denise’s reaction says it all. We spent the day...""",65+,2026-07-20,Messaging conversations started,1.0,1.2,1.2,,,,,,2026-07-20,2026-07-20,
New Engagement Campaign,New Engagement Ad Set,New Engagement Ad,male,New Engagement Ad,35-44,2026-07-19,Messaging conversations started,1.0,3.96,3.96,,,,,,2026-07-19,2026-07-19,
"Post: ""Denise’s reaction says it all. We spent the day...""","Post: ""Denise’s reaction says it all. We spent the day...""","Post: ""Denise’s reaction says it all. We spent the day...""",male,"Post: ""Denise’s reaction says it all. We spent the day...""",35-44,2026-07-19,Messaging conversations started,1.0,0.0,0.0,,,,,,2026-07-19,2026-07-19,
Instagram post: Think that pet hair is impossible...,Instagram post: Think that pet hair is impossible...,Instagram post: Think that pet hair is impossible...,female,Instagram post: Think that pet hair is impossible...,35-44,2026-07-18,Messaging conversations started,1.0,0.76,0.76,,,,,,2026-07-18,2026-07-18,
Instagram post: Think that pet hair is impossible...,Instagram post: Think that pet hair is impossible...,Instagram post: Think that pet hair is impossible...,male,Instagram post: Think that pet hair is impossible...,65+,2026-07-18,Messaging conversations started,1.0,0.46,0.46,,,,,,2026-07-18,2026-07-18,
Instagram post: Think that pet hair is impossible...,Instagram post: Think that pet hair is impossible...,Instagram post: Think that pet hair is impossible...,female,Instagram post: Think that pet hair is impossible...,45-54,2026-07-18,Messaging conversations started,2.0,0.485,0.97,,,,,,2026-07-18,2026-07-18,
Instagram post: Think that pet hair is impossible...,Instagram post: Think that pet hair is impossible...,Instagram post: Think that pet hair is impossible...,female,Instagram post: Think that pet hair is impossible...,45-54,2026-07-17,Messaging conversations started,1.0,0.51,0.51,,,,,,2026-07-17,2026-07-17,
"Post: ""Denise’s reaction says it all. We spent the day...""","Post: ""Denise’s reaction says it all. We spent the day...""","Post: ""Denise’s reaction says it all. We spent the day...""",male,"Post: ""Denise’s reaction says it all. We spent the day...""",45-54,2026-07-17,Messaging conversations started,1.0,2.05,2.05,,,,,,2026-07-17,2026-07-17,
"Post: ""Denise’s reaction says it all. We spent the day...""","Post: ""Denise’s reaction says it all. We spent the day...""","Post: ""Denise’s reaction says it all. We spent the day...""",male,"Post: ""Denise’s reaction says it all. We spent the day...""",65+,2026-07-17,Messaging conversations started,1.0,1.06,1.06,,,,,,2026-07-17,2026-07-17,
"Post: ""Denise’s reaction says it all. We spent the day...""","Post: ""Denise’s reaction says it all. We spent the day...""","Post: ""Denise’s reaction says it all. We spent the day...""",female,"Post: ""Denise’s reaction says it all. We spent the day...""",45-54,2026-07-17,Messaging conversations started,1.0,2.15,2.15,,,,,,2026-07-17,2026-07-17,
"Post: ""Denise’s reaction says it all. We spent the day...""","Post: ""Denise’s reaction says it all. We spent the day...""","Post: ""Denise’s reaction says it all. We spent the day...""",female,"Post: ""Denise’s reaction says it all. We spent the day...""",35-44,2026-07-17,Messaging conversations started,2.0,1.08,2.16,,,,,,2026-07-17,2026-07-17,
"Post: ""Real results, real feedback. 🚗🔥""","Post: ""Real results, real feedback. 🚗🔥""","Post: ""Real results, real feedback. 🚗🔥""",male,"Post: ""Real results, real feedback. 🚗🔥""",55-64,2026-07-16,Messaging conversations started,1.0,0.0,0.0,,,,,,2026-07-16,2026-07-16,
"Post: ""Denise’s reaction says it all. We spent the day...""","Post: ""Denise’s reaction says it all. We spent the day...""","Post: ""Denise’s reaction says it all. We spent the day...""",male,"Post: ""Denise’s reaction says it all. We spent the day...""",35-44,2026-07-16,Messaging conversations started,1.0,2.6,2.6,,,,,,2026-07-16,2026-07-16,
"Post: ""Denise’s reaction says it all. We spent the day...""","Post: ""Denise’s reaction says it all. We spent the day...""","Post: ""Denise’s reaction says it all. We spent the day...""",female,"Post: ""Denise’s reaction says it all. We spent the day...""",65+,2026-07-16,Messaging conversations started,2.0,1.775,3.55,,,,,,2026-07-16,2026-07-16,
"Post: ""Denise’s reaction says it all. We spent the day...""","Post: ""Denise’s reaction says it all. We spent the day...""","Post: ""Denise’s reaction says it all. We spent the day...""",male,"Post: ""Denise’s reaction says it all. We spent the day...""",55-64,2026-07-16,Messaging conversations started,1.0,1.41,1.41,,,,,,2026-07-16,2026-07-16,
"Post: ""Denise’s reaction says it all. We spent the day...""","Post: ""Denise’s reaction says it all. We spent the day...""","Post: ""Denise’s reaction says it all. We spent the day...""",female,"Post: ""Denise’s reaction says it all. We spent the day...""",45-54,2026-07-16,Messaging conversations started,1.0,1.77,1.77,,,,,,2026-07-16,2026-07-16,
"Post: ""Denise’s reaction says it all. We spent the day...""","Post: ""Denise’s reaction says it all. We spent the day...""","Post: ""Denise’s reaction says it all. We spent the day...""",female,"Post: ""Denise’s reaction says it all. We spent the day...""",35-44,2026-07-16,Messaging conversations started,1.0,1.71,1.71,,,,,,2026-07-16,2026-07-16,
"Post: ""Denise’s reaction says it all. We spent the day...""","Post: ""Denise’s reaction says it all. We spent the day...""","Post: ""Denise’s reaction says it all. We spent the day...""",male,"Post: ""Denise’s reaction says it all. We spent the day...""",45-54,2026-07-16,Messaging conversations started,1.0,2.4,2.4,,,,,,2026-07-16,2026-07-16,
"Post: ""Denise’s reaction says it all. We spent the day...""","Post: ""Denise’s reaction says it all. We spent the day...""","Post: ""Denise’s reaction says it all. We spent the day...""",female,"Post: ""Denise’s reaction says it all. We spent the day...""",55-64,2026-07-16,Messaging conversations started,1.0,2.39,2.39,,,,,,2026-07-16,2026-07-16,
"Post: ""Real results, real feedback. 🚗🔥""","Post: ""Real results, real feedback. 🚗🔥""","Post: ""Real results, real feedback. 🚗🔥""",female,"Post: ""Real results, real feedback. 🚗🔥""",65+,2026-07-12,Messaging conversations started,3.0,2.34666667,7.04,,,,,,2026-07-12,2026-07-12,
"Post: ""Real results, real feedback. 🚗🔥""","Post: ""Real results, real feedback. 🚗🔥""","Post: ""Real results, real feedback. 🚗🔥""",male,"Post: ""Real results, real feedback. 🚗🔥""",55-64,2026-07-12,Messaging conversations started,3.0,3.33,9.99,,,,,,2026-07-12,2026-07-12,
"Post: ""Real results, real feedback. 🚗🔥""","Post: ""Real results, real feedback. 🚗🔥""","Post: ""Real results, real feedback. 🚗🔥""",male,"Post: ""Real results, real feedback. 🚗🔥""",45-54,2026-07-12,Messaging conversations started,2.0,6.265,12.53,,,,,,2026-07-12,2026-07-12,
"Post: ""Real results, real feedback. 🚗🔥""","Post: ""Real results, real feedback. 🚗🔥""","Post: ""Real results, real feedback. 🚗🔥""",male,"Post: ""Real results, real feedback. 🚗🔥""",25-34,2026-07-12,Messaging conversations started,1.0,5.38,5.38,,,,,,2026-07-12,2026-07-12,
"Post: ""Real results, real feedback. 🚗🔥""","Post: ""Real results, real feedback. 🚗🔥""","Post: ""Real results, real feedback. 🚗🔥""",male,"Post: ""Real results, real feedback. 🚗🔥""",65+,2026-07-12,Messaging conversations started,2.0,3.295,6.59,,,,,,2026-07-12,2026-07-12,
"Post: ""Real results, real feedback. 🚗🔥""","Post: ""Real results, real feedback. 🚗🔥""","Post: ""Real results, real feedback. 🚗🔥""",male,"Post: ""Real results, real feedback. 🚗🔥""",45-54,2026-07-11,Messaging conversations started,1.0,4.43,4.43,,,,,,2026-07-11,2026-07-11,
"Post: ""Real results, real feedback. 🚗🔥""","Post: ""Real results, real feedback. 🚗🔥""","Post: ""Real results, real feedback. 🚗🔥""",male,"Post: ""Real results, real feedback. 🚗🔥""",65+,2026-07-11,Messaging conversations started,2.0,1.415,2.83,,,,,,2026-07-11,2026-07-11,
"Post: ""Real results, real feedback. 🚗🔥""","Post: ""Real results, real feedback. 🚗🔥""","Post: ""Real results, real feedback. 🚗🔥""",male,"Post: ""Real results, real feedback. 🚗🔥""",25-34,2026-07-11,Messaging conversations started,1.0,2.13,2.13,,,,,,2026-07-11,2026-07-11,
"Post: ""Real results, real feedback. 🚗🔥""","Post: ""Real results, real feedback. 🚗🔥""","Post: ""Real results, real feedback. 🚗🔥""",female,"Post: ""Real results, real feedback. 🚗🔥""",55-64,2026-07-11,Messaging conversations started,4.0,0.8025,3.21,,,,,,2026-07-11,2026-07-11,
"Post: ""Real results, real feedback. 🚗🔥""","Post: ""Real results, real feedback. 🚗🔥""","Post: ""Real results, real feedback. 🚗🔥""",male,"Post: ""Real results, real feedback. 🚗🔥""",35-44,2026-07-11,Messaging conversations started,1.0,5.01,5.01,,,,,,2026-07-11,2026-07-11,
"Post: ""Real results, real feedback. 🚗🔥""","Post: ""Real results, real feedback. 🚗🔥""","Post: ""Real results, real feedback. 🚗🔥""",female,"Post: ""Real results, real feedback. 🚗🔥""",65+,2026-07-11,Messaging conversations started,1.0,4.28,4.28,,,,,,2026-07-11,2026-07-11,
"Post: ""Don't ignore your drains until it’s a total...""","Post: ""Don't ignore your drains until it’s a total...""","Post: ""Don't ignore your drains until it’s a total...""",male,"Post: ""Don't ignore your drains until it’s a total...""",55-64,2026-07-10,Messaging conversations started,1.0,2.83,2.83,,,,,,2026-07-10,2026-07-10,
"Post: ""Don't ignore your drains until it’s a total...""","Post: ""Don't ignore your drains until it’s a total...""","Post: ""Don't ignore your drains until it’s a total...""",female,"Post: ""Don't ignore your drains until it’s a total...""",65+,2026-07-10,Messaging conversations started,2.0,1.16,2.32,,,,,,2026-07-10,2026-07-10,
"Post: ""Don't ignore your drains until it’s a total...""","Post: ""Don't ignore your drains until it’s a total...""","Post: ""Don't ignore your drains until it’s a total...""",male,"Post: ""Don't ignore your drains until it’s a total...""",45-54,2026-07-10,Messaging conversations started,1.0,4.63,4.63,,,,,,2026-07-10,2026-07-10,
"Post: ""Don't ignore your drains until it’s a total...""","Post: ""Don't ignore your drains until it’s a total...""","Post: ""Don't ignore your drains until it’s a total...""",male,"Post: ""Don't ignore your drains until it’s a total...""",35-44,2026-07-10,Messaging conversations started,1.0,5.53,5.53,,,,,,2026-07-10,2026-07-10,
"Post: ""Don't ignore your drains until it’s a total...""","Post: ""Don't ignore your drains until it’s a total...""","Post: ""Don't ignore your drains until it’s a total...""",male,"Post: ""Don't ignore your drains until it’s a total...""",45-54,2026-07-09,Messaging conversations started,1.0,4.16,4.16,,,,,,2026-07-09,2026-07-09,
"Post: ""Don't ignore your drains until it’s a total...""","Post: ""Don't ignore your drains until it’s a total...""","Post: ""Don't ignore your drains until it’s a total...""",female,"Post: ""Don't ignore your drains until it’s a total...""",35-44,2026-07-09,Messaging conversations started,1.0,2.18,2.18,,,,,,2026-07-09,2026-07-09,
"Post: ""Don't ignore your drains until it’s a total...""","Post: ""Don't ignore your drains until it’s a total...""","Post: ""Don't ignore your drains until it’s a total...""",male,"Post: ""Don't ignore your drains until it’s a total...""",65+,2026-07-09,Messaging conversations started,1.0,2.88,2.88,,,,,,2026-07-09,2026-07-09,
